MiesiÄ…c,Rata
1,7430.67
2,7430.67
3,7430.67
4,7430.67
5,7430.67
6,7430.67
7,7430.67
8,7430.67
9,7430.67
10,7430.67
11,7430.67
12,7430.67
13,7430.67
14,7430.67
15,7430.67
16,7430.67
17,7430.67
18,7430.67
19,7430.67
20,7430.67
21,7430.67
22,7430.67
23,7430.67
24,7430.67
25,7430.67
26,7430.67
27,7430.67
28,7430.67
29,7430.67
30,7430.67
31,7430.67
32,7430.67
33,7430.67
34,7430.67
35,7430.67
36,7430.67
37,7430.67
38,7430.67
39,7430.67
40,7430.67
41,7430.67
42,7430.67
43,7430.67
44,7430.67
45,7430.67
46,7430.67
47,7430.67
48,7430.67
49,7430.67
50,7430.67
51,7430.67
52,7430.67
53,7430.67
54,7430.67
55,7430.67
56,7430.67
57,7430.67
58,7430.67
59,7430.67
60,7430.67
61,7430.67
62,7430.67
63,7430.67
64,7430.67
65,7430.67
66,7430.67
67,7430.67
68,7430.67
69,7430.67
70,7430.67
71,7430.67
72,7430.67
73,7430.67
74,7430.67
75,7430.67
76,7430.67
77,7430.67
78,7430.67
79,7430.67
80,7430.67
81,7430.67
82,7430.67
83,7430.67
84,7430.67
85,7430.67
86,7430.67
87,7430.67
88,7430.67
89,7430.67
90,7430.67
91,7430.67
92,7430.67
93,7430.67
94,7430.67
95,7430.67
96,7430.67
97,7430.67
98,7430.67
99,7430.67
100,7430.67
101,7430.67
102,7430.67
103,7430.67
104,7430.67
105,7430.67
106,7430.67
107,7430.67
108,7430.67
109,7430.67
110,7430.67
111,7430.67
112,7430.67
113,7430.67
114,7430.67
115,7430.67
116,7430.67
117,7430.67
118,7430.67
119,7430.67
120,7430.67
121,7430.67
122,7430.67
123,7430.67
124,7430.67
125,7430.67
126,7430.67
127,7430.67
128,7430.67
129,7430.67
130,7430.67
131,7430.67
132,7430.67
133,7430.67
134,7430.67
135,7430.67
136,7430.67
137,7430.67
138,7430.67
139,7430.67
140,7430.67
141,7430.67
142,7430.67
143,7430.67
144,7430.67
145,7430.67
146,7430.67
147,7430.67
148,7430.67
149,7430.67
150,7430.67
151,7430.67
152,7430.67
153,7430.67
154,7430.67
155,7430.67
156,7430.67
157,7430.67
158,7430.67
159,7430.67
160,7430.67
161,7430.67
162,7430.67
163,7430.67
164,7430.67
165,7430.67
166,7430.67
167,7430.67
168,7430.67
169,7430.67
170,7430.67
171,7430.67
172,7430.67
173,7430.67
174,7430.67
175,7430.67
176,7430.67
177,7430.67
178,7430.67
179,7430.67
180,7430.67
181,7430.67
182,7430.67
183,7430.67
184,7430.67
185,7430.67
186,7430.67
187,7430.67
188,7430.67
189,7430.67
190,7430.67
191,7430.67
192,7430.67
193,7430.67
194,7430.67
195,7430.67
196,7430.67
197,7430.67
198,7430.67
199,7430.67
200,7430.67
201,7430.67
202,7430.67
203,7430.67
204,7430.67
205,7430.67
206,7430.67
207,7430.67
208,7430.67
209,7430.67
210,7430.67
211,7430.67
212,7430.67
213,7430.67
214,7430.67
215,7430.67
216,7430.67
217,7430.67
218,7430.67
219,7430.67
220,7430.67
221,7430.67
222,7430.67
223,7430.67
224,7430.67
225,7430.67
226,7430.67
227,7430.67
228,7430.67
229,7430.67
230,7430.67
231,7430.67
232,7430.67
233,7430.67
234,7430.67
235,7430.67
236,7430.67
237,7430.67
238,7430.67
239,7430.67
240,7430.67
